time,region,missed-region,cover,func,missed-func,exec-func,lines,missed-lines,cover
85088.0,53
85088.0,97
85088.0,171
1614.611039168,171
1614.611039168,171
1614.611039168,173
1614.807039165,173
1614.807039165,173
1614.807039165,173
1614.919039163,173
1614.919039163,173
1614.919039163,173
1615.091039161,173
1615.091039161,173
1615.091039161,173
1615.295039158,173
1615.295039158,173
1615.295039158,213
1615.455039155,213
1615.455039155,213
1615.455039155,213
1615.603039153,213
1615.603039153,213
1615.603039153,213
1615.727039151,213
1615.727039151,213
1615.727039151,213
1615.943039148,213
1615.943039148,213
1615.943039148,213
1616.123039145,213
1616.123039145,213
1616.123039145,213
1616.275039142,213
1616.275039142,213
1616.275039142,213
1616.42703914,213
1616.42703914,213
1616.42703914,213
1616.699039136,213
1616.699039136,213
1616.699039136,213
1616.835039134,213
1616.835039134,213
1616.835039134,213
1616.971039132,213
1616.971039132,213
1616.971039132,213
1617.215039128,213
1617.215039128,213
1617.215039128,213
1617.367039125,213
1617.367039125,213
1617.367039125,213
1617.795039119,213
1617.795039119,213
1617.795039119,213
1618.319039111,213
1618.319039111,213
1618.319039111,213
1618.527039107,213
1618.527039107,213
1618.527039107,213
1618.879039102,213
1618.879039102,213
1618.879039102,225
1619.059039099,225
1619.059039099,225
1619.059039099,225
1619.467039093,225
1619.467039093,225
1619.467039093,225
1619.815039087,225
1619.815039087,225
1619.815039087,225
1620.539039076,225
1620.539039076,225
1620.539039076,225
1620.703039074,225
1620.703039074,225
1620.703039074,225
1620.815039072,225
1620.815039072,225
1620.815039072,225
1620.91103907,225
1620.91103907,225
1620.91103907,225
1621.163039067,225
1621.163039067,225
1621.163039067,225
1621.735039058,225
1621.735039058,225
1621.735039058,225
1621.907039055,225
1621.907039055,225
1621.907039055,227
1622.383039048,227
1622.383039048,227
1622.383039048,227
1622.751039042,227
1622.751039042,227
1622.751039042,227
1622.915039039,227
1622.915039039,227
1622.915039039,227
1623.367039032,227
1623.367039032,227
1623.367039032,227
1624.399039016,227
1624.399039016,227
1624.399039016,227
1624.627039013,227
1624.627039013,227
1624.627039013,227
1624.863039009,227
1624.863039009,227
1624.863039009,227
1625.303039002,227
1625.303039002,227
1625.303039002,227
1626.07903899,227
1626.07903899,227
1626.07903899,227
1627.115038974,227
1627.115038974,227
1627.115038974,227
1627.555038967,227
1627.555038967,227
1627.555038967,227
1628.235038957,227
1628.235038957,227
1628.235038957,227
1628.67903895,227
1628.67903895,227
1628.67903895,227
1629.171038942,227
1629.171038942,227
1629.171038942,227
1629.863038932,227
1629.863038932,227
1629.863038932,227
1631.323038909,227
1631.323038909,227
1631.323038909,227
1632.151038896,227
1632.151038896,227
1632.151038896,227
1633.019038883,227
1633.019038883,227
1633.019038883,227
1634.147038865,227
1634.147038865,227
1634.147038865,227
1637.351038815,227
1637.351038815,227
1637.351038815,228
1639.119038788,228
1639.119038788,228
1639.119038788,228
1639.859038776,228
1639.859038776,228
1639.859038776,228
1655.915038527,228
1655.915038527,228
1655.915038527,228
1656.187038523,228
1656.187038523,228
1656.187038523,228
1661.53103844,228
1661.53103844,228
1661.53103844,229
1672.223038274,229
1672.223038274,229
1672.223038274,229
1674.887038233,229
1674.887038233,229
1674.887038233,229
1676.095038214,229
1676.095038214,229
1676.095038214,229
1688.779038017,229
1688.779038017,229
1688.779038017,229
1698.167037872,229
1698.167037872,229
1698.167037872,229
1700.935037829,229
1700.935037829,229
1700.935037829,229
1715.855037597,229
1715.855037597,229
1715.855037597,229
1737.335037264,229
1737.335037264,229
1737.335037264,229
1737.755037257,229
1737.755037257,229
1737.755037257,229
1746.931037115,229
1746.931037115,229
1746.931037115,229
1751.967037037,229
1751.967037037,229
1751.967037037,229
1763.235036862,229
1763.235036862,229
1763.235036862,229
1779.811036605,229
1779.811036605,229
1779.811036605,229
1793.63903639,229
1793.63903639,229
1793.63903639,229
1806.347036193,229
1806.347036193,229
1806.347036193,229
1807.143036181,229
1807.143036181,229
1807.143036181,229
1807.503036175,229
1807.503036175,229
1807.503036175,229
1808.631036157,229
1808.631036157,229
1808.631036157,229
1808.963036152,229
1808.963036152,229
1808.963036152,229
1810.019036136,229
1810.019036136,229
1810.019036136,229
1810.787036124,229
1810.787036124,229
1810.787036124,229
1811.407036114,229
1811.407036114,229
1811.407036114,229
1811.979036106,229
1811.979036106,229
1811.979036106,229
1814.203036071,229
1814.203036071,229
1814.203036071,229
1815.055036058,229
1815.055036058,229
1815.055036058,229
1815.931036044,229
1815.931036044,229
1815.931036044,230
1816.383036037,230
1816.383036037,230
1816.383036037,230
1821.243035962,230
1821.243035962,230
1821.243035962,230
1821.715035954,230
1821.715035954,230
1821.715035954,230
1824.227035915,230
1824.227035915,230
1824.227035915,230
1826.627035878,230
1826.627035878,230
1826.627035878,230
1827.80303586,230
1827.80303586,230
1827.80303586,230
1828.043035856,230
1828.043035856,230
1828.043035856,230
1834.27503576,230
1834.27503576,230
1834.27503576,230
1841.771035643,230
1841.771035643,230
1841.771035643,230
1847.991035547,230
1847.991035547,230
1847.991035547,230
1849.903035517,230
1849.903035517,230
1849.903035517,230
1854.88303544,230
1854.88303544,230
1854.88303544,230
1858.643035381,230
1858.643035381,230
1858.643035381,230
1859.735035364,230
1859.735035364,230
1859.735035364,230
1860.69103535,230
1860.69103535,230
1860.69103535,230
1861.995035329,230
1861.995035329,230
1861.995035329,230
1863.739035302,230
1863.739035302,230
1863.739035302,230
1864.695035288,230
1864.695035288,230
1864.695035288,230
1872.723035163,230
1872.723035163,230
1872.723035163,230
1876.031035112,230
1876.031035112,230
1876.031035112,230
1881.743035023,230
1881.743035023,230
1881.743035023,230
1882.271035015,230
1882.271035015,230
1882.271035015,230
1894.455034826,230
1894.455034826,230
1894.455034826,230
1897.38703478,230
1897.38703478,230
1897.38703478,230
1900.707034729,230
1900.707034729,230
1900.707034729,230
1906.239034643,230
1906.239034643,230
1906.239034643,230
1918.863034447,230
1918.863034447,230
1918.863034447,230
1925.09103435,230
1925.09103435,230
1925.09103435,230
1926.115034334,230
1926.115034334,230
1926.115034334,230
1935.959034182,230
1935.959034182,230
1935.959034182,230
1938.143034148,230
1938.143034148,230
1938.143034148,230
1942.419034081,230
1942.419034081,230
1942.419034081,230
1956.523033863,230
1956.523033863,230
1956.523033863,230
1972.727033611,230
1972.727033611,230
1972.727033611,230
1975.607033566,230
1975.607033566,230
1975.607033566,230
1975.955033561,230
1975.955033561,230
1975.955033561,230
1980.819033486,230
1980.819033486,230
1980.819033486,230
1991.863033314,230
1991.863033314,230
1991.863033314,230
1996.435033243,230
1996.435033243,230
1996.435033243,230
2006.663033085,230
2006.663033085,230
2006.663033085,230
2011.559033009,230
2011.559033009,230
2011.559033009,230
2012.539032993,230
2012.539032993,230
2012.539032993,230
2107.251031524,230
2107.251031524,230
2107.251031524,231
2111.771031454,231
2111.771031454,231
2111.771031454,231
2133.595031115,231
2133.595031115,231
2133.595031115,231
2135.639031083,231
2135.639031083,231
2135.639031083,231
2136.9350310629998,231
2136.9350310629998,231
2136.9350310629998,231
2138.031031046,231
2138.031031046,231
2138.031031046,231
2143.203030966,231
2143.203030966,231
2143.203030966,231
2149.843030863,231
2149.843030863,231
2149.843030863,231
2174.759030476,231
2174.759030476,231
2174.759030476,231
2175.003030472,231
2175.003030472,231
2175.003030472,231
2177.311030437,231
2177.311030437,231
2177.311030437,231
2184.355030327,231
2184.355030327,231
2184.355030327,231
2202.135030051,231
2202.135030051,231
2202.135030051,231
2213.119029881,231
2213.119029881,231
2213.119029881,231
2235.039029541,231
2235.039029541,231
2235.039029541,231
2244.663029391,231
2244.663029391,231
2244.663029391,231
2279.203028855,231
2279.203028855,231
2279.203028855,231
2319.971028223,231
2319.971028223,231
2319.971028223,231
2409.783026829,231
2409.783026829,231
2409.783026829,231
2412.231026791,231
2412.231026791,231
2412.231026791,231
2472.827025851,231
2472.827025851,231
2472.827025851,231
2479.35102575,231
2479.35102575,231
2479.35102575,231
2524.155025054,231
2524.155025054,231
2524.155025054,231
2526.555025017,231
2526.555025017,231
2526.555025017,231
2641.919023227,231
2641.919023227,231
2641.919023227,231
2659.523022954,231
2659.523022954,231
2659.523022954,231
2690.06302248,231
2690.06302248,231
2690.06302248,231
2690.251022477,231
2690.251022477,231
2690.251022477,231
2760.015021394,231
2760.015021394,231
2760.015021394,231
2789.255020941,231
2789.255020941,231
2789.255020941,231
2957.539018329,231
2957.539018329,231
2957.539018329,231
2966.767018186,231
2966.767018186,231
2966.767018186,231
2967.103018181,231
2967.103018181,231
2967.103018181,231
2968.035018167,231
2968.035018167,231
2968.035018167,231
2968.987018152,231
2968.987018152,231
2968.987018152,231
2969.847018138,231
2969.847018138,231
2969.847018138,231
2972.3110181,231
2972.3110181,231
2972.3110181,231
2973.083018088,231
2973.083018088,231
2973.083018088,231
3000.183017668,231
3000.183017668,231
3000.183017668,231
3114.76301589,231
3114.76301589,231
3114.76301589,231
3115.151015884,231
3115.151015884,231
3115.151015884,231
3117.611015845,231
3117.611015845,231
3117.611015845,234
3155.603015256,234
3155.603015256,234
3155.603015256,234
3171.115015015,234
3171.115015015,234
3171.115015015,234
3182.187014843,234
3182.187014843,234
3182.187014843,234
3222.115014224,234
3222.115014224,234
3222.115014224,234
3222.855014212,234
3222.855014212,234
3222.855014212,234
3225.247014175,234
3225.247014175,234
3225.247014175,234
3232.04701407,234
3232.04701407,234
3232.04701407,234
3233.863014042,234
3233.863014042,234
3233.863014042,234
3285.271013244,234
3285.271013244,234
3285.271013244,234
3285.475013241,234
3285.475013241,234
3285.475013241,234
3286.127013231,234
3286.127013231,234
3286.127013231,234
3287.403013211,234
3287.403013211,234
3287.403013211,234
3288.055013201,234
3288.055013201,234
3288.055013201,234
3288.279013197,234
3288.279013197,234
3288.279013197,234
3295.415013086,234
3295.415013086,234
3295.415013086,234
3339.911012396,234
3339.911012396,234
3339.911012396,234
3340.807012382,234
3340.807012382,234
3340.807012382,234
3341.767012367,234
3341.767012367,234
3341.767012367,234
3356.163012144,234
3356.163012144,234
3356.163012144,234
3412.283011273,234
3412.283011273,234
3412.283011273,234
3427.803011032,234
3427.803011032,234
3427.803011032,234
3431.679010972,234
3431.679010972,234
3431.679010972,234
3433.867010938,234
3433.867010938,234
3433.867010938,234
3465.751010443,234
3465.751010443,234
3465.751010443,234
3484.171010157,234
3484.171010157,234
3484.171010157,234
3486.391010123,234
3486.391010123,234
3486.391010123,234
3489.115010081,234
3489.115010081,234
3489.115010081,234
3536.663009343,234
3536.663009343,234
3536.663009343,234
3554.567009065,234
3554.567009065,234
3554.567009065,234
3615.219008124,234
3615.219008124,234
3615.219008124,234
3624.847007975,234
3624.847007975,234
3624.847007975,234
3655.067007506,234
3655.067007506,234
3655.067007506,234
3680.715007108,234
3680.715007108,234
3680.715007108,234
3700.751006797,234
3700.751006797,234
3700.751006797,234
3710.411006647,234
3710.411006647,234
3710.411006647,234
3711.955006623,234
3711.955006623,234
3711.955006623,234
3747.031006079,234
3747.031006079,234
3747.031006079,234
3779.77100557,234
3779.77100557,234
3779.77100557,234
3782.651005526,234
3782.651005526,234
3782.651005526,234
3801.003005241,234
3801.003005241,234
3801.003005241,234
3807.823005135,234
3807.823005135,234
3807.823005135,234
3840.587004627,234
3840.587004627,234
3840.587004627,234
3845.291004554,234
3845.291004554,234
3845.291004554,234
3845.487004551,234
3845.487004551,234
3845.487004551,234
3845.695004548,234
3845.695004548,234
3845.695004548,234
3846.655004533,234
3846.655004533,234
3846.655004533,234
3848.259004508,234
3848.259004508,234
3848.259004508,234
3849.199004493,234
3849.199004493,234
3849.199004493,234
3853.459004427,234
3853.459004427,234
3853.459004427,234
3857.599004363,234
3857.599004363,234
3857.599004363,234
3884.443003946,234
3884.443003946,234
3884.443003946,234
3932.719003197,234
3932.719003197,234
3932.719003197,234
3987.379002349,234
3987.379002349,234
3987.379002349,234
4014.9870019210002,234
4014.9870019210002,234
4014.9870019210002,234
4059.755001226,234
4059.755001226,234
4059.755001226,234
4139.818999983,234
4139.818999983,234
4139.818999983,234
4140.338999975,234
4140.338999975,234
4140.338999975,237
4140.806999968,237
4140.806999968,237
4140.806999968,237
4156.522999724,237
4156.522999724,237
4156.522999724,237
4157.214999714,237
4157.214999714,237
4157.214999714,237
4177.066999405,237
4177.066999405,237
4177.066999405,238
4177.326999401,238
4177.326999401,238
4177.326999401,238
4183.814999301,238
4183.814999301,238
4183.814999301,238
4185.614999273,238
4185.614999273,238
4185.614999273,238
4186.098999265,238
4186.098999265,238
4186.098999265,238
4257.230998162,238
4257.230998162,238
4257.230998162,238
4363.878996507,238
4363.878996507,238
4363.878996507,238
4437.438995365,238
4437.438995365,238
4437.438995365,238
4471.102994843,238
4471.102994843,238
4471.102994843,238
4471.386994838,238
4471.386994838,238
4471.386994838,238
4471.638994834,238
4471.638994834,238
4471.638994834,238
4472.006994829,238
4472.006994829,238
4472.006994829,238
4472.222994825,238
4472.222994825,238
4472.222994825,238
4472.742994817,238
4472.742994817,238
4472.742994817,238
4473.082994812,238
4473.082994812,238
4473.082994812,238
4476.350994761,238
4476.350994761,238
4476.350994761,238
4477.75499474,238
4477.75499474,238
4477.75499474,238
4478.622994726,238
4478.622994726,238
4478.622994726,238
4478.934994721,238
4478.934994721,238
4478.934994721,238
4479.266994716,238
4479.266994716,238
4479.266994716,238
4479.874994707,238
4479.874994707,238
4479.874994707,238
4480.646994695,238
4480.646994695,238
4480.646994695,238
4480.92299469,238
4480.92299469,238
4480.92299469,238
4481.834994676,238
4481.834994676,238
4481.834994676,238
4483.366994652,238
4483.366994652,238
4483.366994652,238
4490.334994544,238
4490.334994544,238
4490.334994544,238
4493.570994494,238
4493.570994494,238
4493.570994494,238
4494.842994474,238
4494.842994474,238
4494.842994474,238
4504.022994332,238
4504.022994332,238
4504.022994332,238
4505.838994304,238
4505.838994304,238
4505.838994304,238
4506.370994296,238
4506.370994296,238
4506.370994296,238
4511.506994216,238
4511.506994216,238
4511.506994216,238
4512.410994202,238
4512.410994202,238
4512.410994202,238
4521.938994054,238
4521.938994054,238
4521.938994054,238
4524.882994008,238
4524.882994008,238
4524.882994008,238
4530.902993915,238
4530.902993915,238
4530.902993915,238
4533.498993875,238
4533.498993875,238
4533.498993875,238
4538.558993796,238
4538.558993796,238
4538.558993796,238
4540.658993763,238
4540.658993763,238
4540.658993763,238
4541.878993745,238
4541.878993745,238
4541.878993745,238
4542.622993733,238
4542.622993733,238
4542.622993733,238
4543.174993724,238
4543.174993724,238
4543.174993724,238
4544.486993704,238
4544.486993704,238
4544.486993704,238
4545.326993691,238
4545.326993691,238
4545.326993691,238
4548.442993643,238
4548.442993643,238
4548.442993643,238
4549.418993628,238
4549.418993628,238
4549.418993628,238
4553.162993569,238
4553.162993569,238
4553.162993569,238
4561.090993446,238
4561.090993446,238
4561.090993446,238
4561.714993437,238
4561.714993437,238
4561.714993437,238
4563.790993405,238
4563.790993405,238
4563.790993405,238
4574.734993235,238
4574.734993235,238
4574.734993235,238
4578.838993171,238
4578.838993171,238
4578.838993171,238
4587.134993042,238
4587.134993042,238
4587.134993042,238
4610.610992678,238
4610.610992678,238
4610.610992678,238
4612.754992645,238
4612.754992645,238
4612.754992645,238
4646.718992118,238
4646.718992118,238
4646.718992118,238
4648.606992088,238
4648.606992088,238
4648.606992088,238
4674.686991684,238
4674.686991684,238
4674.686991684,238
4683.214991551,238
4683.214991551,238
4683.214991551,238
4693.250991396,238
4693.250991396,238
4693.250991396,238
4721.30699096,238
4721.30699096,238
4721.30699096,238
4744.202990605,238
4744.202990605,238
4744.202990605,238
4763.762990301,238
4763.762990301,238
4763.762990301,238
4768.814990223,238
4768.814990223,238
4768.814990223,238
4792.23498986,238
4792.23498986,238
4792.23498986,238
4796.774989789,238
4796.774989789,238
4796.774989789,238
4805.602989652,238
4805.602989652,238
4805.602989652,238
4829.898989275,238
4829.898989275,238
4829.898989275,238
4835.014989196,238
4835.014989196,238
4835.014989196,238
4835.298989191,238
4835.298989191,238
4835.298989191,238
4843.070989071,238
4843.070989071,238
4843.070989071,238
4845.106989039,238
4845.106989039,238
4845.106989039,238
4963.258987206,238
4963.258987206,238
4963.258987206,238
4988.806986809,238
4988.806986809,238
4988.806986809,238
4998.770986655,238
4998.770986655,238
4998.770986655,238
5002.762986593,238
5002.762986593,238
5002.762986593,238
5003.178986586,238
5003.178986586,238
5003.178986586,238
5004.25498657,238
5004.25498657,238
5004.25498657,238
5004.826986561,238
5004.826986561,238
5004.826986561,238
5005.866986545,238
5005.866986545,238
5005.866986545,238
5006.466986535,238
5006.466986535,238
5006.466986535,238
5007.44298652,238
5007.44298652,238
5007.44298652,238
5008.426986505,238
5008.426986505,238
5008.426986505,238
5009.282986492,238
5009.282986492,238
5009.282986492,238
5010.078986479,238
5010.078986479,238
5010.078986479,238
5010.722986469,238
5010.722986469,238
5010.722986469,238
5012.010986449,238
5012.010986449,238
5012.010986449,238
5014.682986408,238
5014.682986408,238
5014.682986408,238
5016.206986384,238
5016.206986384,238
5016.206986384,238
5017.310986367,238
5017.310986367,238
5017.310986367,238
5018.278986352,238
5018.278986352,238
5018.278986352,238
5019.598986332,238
5019.598986332,238
5019.598986332,238
5020.690986315,238
5020.690986315,238
5020.690986315,238
5022.434986288,238
5022.434986288,238
5022.434986288,238
5192.41898365,238
5192.41898365,238
5192.41898365,238
5266.670982498,238
5266.670982498,238
5266.670982498,238
5349.706981209,238
5349.706981209,238
5349.706981209,238
5370.102980893,238
5370.102980893,238
5370.102980893,238
5376.286980797,238
5376.286980797,238
5376.286980797,238
5546.134978161,238
5546.134978161,238
5546.134978161,238
5605.550977239,238
5605.550977239,238
5605.550977239,238
5808.934974083,238
5808.934974083,238
5808.934974083,238
5869.226973148,238
5869.226973148,238
5869.226973148,238
6029.430970662,238
6029.430970662,238
6029.430970662,238
6104.446969498,238
6104.446969498,238
6104.446969498,238
6363.254965481,238
6363.254965481,238
6363.254965481,238
6697.946960288,238
6697.946960288,238
6697.946960288,238
6984.082955848,238
6984.082955848,238
6984.082955848,238
6986.782955806,238
6986.782955806,238
6986.782955806,238
6996.894955649,238
6996.894955649,238
6996.894955649,238
7006.4829555,238
7006.4829555,238
7006.4829555,238
7042.466954942,238
7042.466954942,238
7042.466954942,238
7092.894954159,238
7092.894954159,238
7092.894954159,238
7330.67895047,238
7330.67895047,238
7330.67895047,238
7387.834949583,238
7387.834949583,238
7387.834949583,238
7403.162949345,238
7403.162949345,238
7403.162949345,238
